{"cameraMode":{"drawMode":0,"name":"Shaded","section":"Shading Mode"},"sceneLighting":false,"audioPlay":false,"sceneViewState":{"showFog":true,"showMaterialUpdate":false,"showSkybox":false,"showFlares":true,"showImageEffects":true,"showParticleSystems":true},"in2DMode":false,"pivot":{"x":2.228408098220825,"y":3.5914759635925295,"z":-2.417539358139038},"rotation":{"x":-0.4805443286895752,"y":-0.01622687093913555,"z":0.009055771864950657,"w":-0.8769018054008484},"size":0.3073950409889221,"orthographic":false}