{"cameraMode":{"drawMode":0,"name":"Shaded","section":"Shading Mode"},"sceneLighting":false,"audioPlay":false,"sceneViewState":{"showFog":true,"showMaterialUpdate":false,"showSkybox":false,"showFlares":true,"showImageEffects":true,"showParticleSystems":true},"in2DMode":false,"pivot":{"x":-7.717075347900391,"y":1.4977073669433594,"z":-5.829566955566406},"rotation":{"x":-0.1549205183982849,"y":-0.21068954467773438,"z":0.0342320092022419,"w":-0.9647148251533508},"size":69.25431823730469,"orthographic":false}