{"cameraMode":{"drawMode":0,"name":"Shaded","section":"Shading Mode"},"sceneLighting":false,"audioPlay":false,"sceneViewState":{"showFog":true,"showMaterialUpdate":false,"showSkybox":false,"showFlares":true,"showImageEffects":true,"showParticleSystems":true},"in2DMode":false,"pivot":{"x":3.0889816284179689,"y":1.0057400465011597,"z":-2.3363747596740724},"rotation":{"x":-0.3623535633087158,"y":0.016245439648628236,"z":-0.006299945991486311,"w":-0.9319877624511719},"size":0.7088723182678223,"orthographic":false}