{"cameraMode":{"drawMode":0,"name":"Shaded","section":"Shading Mode"},"sceneLighting":false,"audioPlay":false,"sceneViewState":{"showFog":true,"showMaterialUpdate":false,"showSkybox":false,"showFlares":true,"showImageEffects":true,"showParticleSystems":true},"in2DMode":false,"pivot":{"x":0.008481979370117188,"y":0.938701868057251,"z":-0.23521831631660462},"rotation":{"x":-0.37382549047470095,"y":0.07323025912046433,"z":-0.029227446764707567,"w":-0.9242727756500244},"size":1.665656328201294,"orthographic":false}