{"cameraMode":{"drawMode":0,"name":"Shaded","section":"Shading Mode"},"sceneLighting":false,"audioPlay":false,"sceneViewState":{"showFog":true,"showMaterialUpdate":false,"showSkybox":false,"showFlares":true,"showImageEffects":true,"showParticleSystems":true},"in2DMode":false,"pivot":{"x":-13.518095970153809,"y":0.15172505378723145,"z":1.7059037685394288},"rotation":{"x":-0.06142093986272812,"y":-0.31684866547584536,"z":0.020562533289194108,"w":-0.9463602304458618},"size":1.501037836074829,"orthographic":false}