{"cameraMode":{"drawMode":0,"name":"Shaded","section":"Shading Mode"},"sceneLighting":false,"audioPlay":false,"sceneViewState":{"showFog":true,"showMaterialUpdate":false,"showSkybox":false,"showFlares":true,"showImageEffects":true,"showParticleSystems":true},"in2DMode":false,"pivot":{"x":0.5449867248535156,"y":0.33698710799217226,"z":3.8296470642089845},"rotation":{"x":-0.09076561033725739,"y":-0.3678758442401886,"z":0.03605712577700615,"w":-0.9248510003089905},"size":1.5010381937026978,"orthographic":false}