{"cameraMode":{"drawMode":0,"name":"Shaded","section":"Shading Mode"},"sceneLighting":false,"audioPlay":false,"sceneViewState":{"showFog":true,"showMaterialUpdate":false,"showSkybox":false,"showFlares":true,"showImageEffects":true,"showParticleSystems":true},"in2DMode":false,"pivot":{"x":-13.019084930419922,"y":-1.1407331228256226,"z":8.570968627929688},"rotation":{"x":-0.07318688184022904,"y":-0.12293700128793717,"z":0.009100290015339852,"w":-0.9897605180740356},"size":5.40103816986084,"orthographic":false}