{"cameraMode":{"drawMode":0,"name":"Shaded","section":"Shading Mode"},"sceneLighting":false,"audioPlay":false,"sceneViewState":{"showFog":true,"showMaterialUpdate":false,"showSkybox":false,"showFlares":true,"showImageEffects":true,"showParticleSystems":true},"in2DMode":false,"pivot":{"x":-0.013251405209302903,"y":0.8810396194458008,"z":0.518348753452301},"rotation":{"x":0.002696796553209424,"y":-0.17223984003067017,"z":-0.0001887189137050882,"w":-0.9851755499839783},"size":1.665656328201294,"orthographic":false}