{"cameraMode":{"drawMode":0,"name":"Shaded","section":"Shading Mode"},"sceneLighting":false,"audioPlay":false,"sceneViewState":{"showFog":true,"showMaterialUpdate":false,"showSkybox":false,"showFlares":true,"showImageEffects":true,"showParticleSystems":true},"in2DMode":false,"pivot":{"x":-0.005147337913513184,"y":0.949881374835968,"z":0.013808012008666993},"rotation":{"x":-0.0822795182466507,"y":-0.8903837203979492,"z":0.4108487069606781,"w":-0.17839010059833527},"size":3.0020766258239748,"orthographic":false}