{"cameraMode":{"drawMode":0,"name":"Shaded","section":"Shading Mode"},"sceneLighting":false,"audioPlay":false,"sceneViewState":{"showFog":true,"showMaterialUpdate":false,"showSkybox":false,"showFlares":true,"showImageEffects":true,"showParticleSystems":true},"in2DMode":false,"pivot":{"x":-1.8046860694885255,"y":1.3895436525344849,"z":-0.1055593490600586},"rotation":{"x":-0.1881142258644104,"y":-0.028488291427493097,"z":0.00585199287161231,"w":-0.9818372130393982},"size":1.3812305927276612,"orthographic":false}