{"cameraMode":{"drawMode":0,"name":"Shaded","section":"Shading Mode"},"sceneLighting":false,"audioPlay":false,"sceneViewState":{"showFog":true,"showMaterialUpdate":false,"showSkybox":false,"showFlares":true,"showImageEffects":true,"showParticleSystems":true},"in2DMode":false,"pivot":{"x":2.7501354217529299,"y":-0.2978701889514923,"z":-1.923046350479126},"rotation":{"x":-0.21028482913970948,"y":-0.7887929081916809,"z":0.4307388961315155,"w":-0.38514694571495058},"size":0.8660253882408142,"orthographic":false}